video_id,title,description,published_at,tags,hashtags,duration,view_count,like_count,comment_count
dZyZo7Cc3-w,You Laugh You Lose ğŸ˜‚ Funniest Cats and Dogs Videos 2025 ğŸ˜»ğŸ¶ Part 22,"Welcome to Purrfect Pets! ğŸ’• The perfect place for the cutest, funniest, and most lovable pet moments Thanks for watching our videos ğŸ¥° _ #funny #cats #funnycats #funnyvideos #funnydogs #catvideos",2025-11-29T11:58:40Z,cats|funnycats|funnyvideos|catvideos|cutecats|pets|funny|dogs|funnydogs|dogvideos|cutedogs|funnypets|funniestcats|funniestdogs|funniestanimals|cutepets|catlovers|doglovers|petlovers,#funny|#cats|#funnycats|#funnyvideos|#funnydogs|#catvideos,PT36M25S,30848,134,6
-Ky72Vne8ng,You Laugh You Lose ğŸ¤£ğŸ˜… Best Funny Cats and Dogs Videos ğŸ˜»ğŸ¶ Part 21,"Welcome to Purrfect Pets! ğŸ’• The perfect place for the cutest, funniest, and most lovable pet moments Thanks for watching our videos ğŸ¥° _ #funny #cats #funnycats #funnyvideos #funnydogs #catvideos",2025-10-22T09:13:53Z,cats|funnycats|funnyvideos|catvideos|cutecats|pets|funny|dogs|funnydogs|dogvideos|cutedogs|funnypets|funniestcats|funniestdogs|funniestanimals|cutepets|catlovers|doglovers|petlovers,#funny|#cats|#funnycats|#funnyvideos|#funnydogs|#catvideos,PT36M50S,18125,84,11
5d7uOMl8WdI,You Laugh You Lose ğŸ¥°ğŸ˜‚ Best Funny Cats and Dogs Videos ğŸ˜½ğŸ¶ Part 20,"Welcome to Purrfect Pets! ğŸ’• The perfect place for the cutest, funniest, and most lovable pet moments Thanks for watching our videos ğŸ¥° _ #funny #cats #funnycats #funnyvideos #funnydogs #catvideos",2025-10-01T10:48:58Z,cats|funnycats|funnyvideos|catvideos|cutecats|pets|funny|dogs|funnydogs|dogvideos|cutedogs|funnypets|funniestcats|funniestdogs|funniestanimals|cutepets|catlovers|doglovers|petlovers,#funny|#cats|#funnycats|#funnyvideos|#funnydogs|#catvideos,PT36M51S,19673,112,6
KarCEFCUrbE,You Laugh You Lose ğŸ˜ğŸ˜… Best Funny Dogs and Cats Videos ğŸ˜»ğŸ¶ Part 19,"Welcome to Purrfect Pets! ğŸ’• The perfect place for the cutest, funniest, and most lovable pet moments Thanks for watching our videos ğŸ¥° _ #funny #cats #funnycats #funnyvideos #funnydogs #catvideos",2025-08-22T10:07:47Z,cats|funnycats|funnyvideos|catvideos|cutecats|pets|funny|dogs|funnydogs|dogvideos|cutedogs|funnypets|funniestcats|funniestdogs|funniestanimals|cutepets|catlovers|doglovers|petlovers,#funny|#cats|#funnycats|#funnyvideos|#funnydogs|#catvideos,PT35M31S,39359,192,11
wfTQf0hn9mM,You Laugh You Lose ğŸ˜… Best Funny Dogs and Cats Videos ğŸ˜¹ğŸ¶ Part 18,"Welcome to Purrfect Pets! ğŸ’• The perfect place for the cutest, funniest, and most lovable pet moments Thanks for watching our videos ğŸ¥° _ #funny #cats #funnycats #funnyvideos #funnydogs #catvideos",2025-08-18T09:50:26Z,cats|funnycats|funnyvideos|catvideos|cutecats|pets|funny|dogs|funnydogs|dogvideos|cutedogs|funnypets|funniestcats|funniestdogs|funniestanimals|cutepets|catlovers|doglovers|petlovers,#funny|#cats|#funnycats|#funnyvideos|#funnydogs|#catvideos,PT36M40S,14652,78,8
vGCjuVem0c0,Try Not To Laugh ğŸ¤£ Funniest Dogs and Cats Clips 2025 ğŸ˜»ğŸ¶ Part 16,"Welcome to Purrfect Pets! ğŸ’• The perfect place for the cutest, funniest, and most lovable pet moments Thanks for watching our videos ğŸ¥° _ #funny #cats #funnycats #funnyvideos #funnydogs #catvideos",2025-07-23T12:24:53Z,cats|funnycats|funnyvideos|catvideos|cutecats|pets|funny|dogs|funnydogs|dogvideos|cutedogs|funnypets|funniestcats|funniestdogs|funniestanimals|cutepets|catlovers|doglovers|petlovers,#funny|#cats|#funnycats|#funnyvideos|#funnydogs|#catvideos,PT35M40S,2260884,10075,241
Px7EzcYFRZI,Try Not To Laugh ğŸ˜‚ Funniest Cats and Dogs Clips 2025 ğŸ˜¹ğŸ¶ Part 15,"Welcome to Purrfect Pets! ğŸ’• The perfect place for the cutest, funniest, and most lovable pet moments Thanks for watching our videos ğŸ¥° _ #funny #cats #funnycats #funnyvideos #funnydogs #catvideos",2025-07-19T09:52:00Z,cats|funnycats|funnyvideos|catvideos|cutecats|pets|funny|dogs|funnydogs|dogvideos|cutedogs|funnypets|funniestcats|funniestdogs|funniestanimals|cutepets|catlovers|doglovers|petlovers,#funny|#cats|#funnycats|#funnyvideos|#funnydogs|#catvideos,PT36M53S,428137,2195,81
mdpy8d6MIiE,You Laugh You Lose ğŸ¤£ Funniest animals will brighten all your day ğŸ˜»ğŸ¶Part 14,"Welcome to Purrfect Pets! ğŸ’• The perfect place for the cutest, funniest, and most lovable pet moments Thanks for watching our videos ğŸ¥°",2025-07-16T06:57:27Z,#cats|#funnycat|#pets|#funnyvideos|#dogs|#catvideos|#funnydogs,,PT35M14S,1263153,5413,116
PQen5MGnS8s,You Laugh You Lose ğŸ˜‚ Best Funny Cats and Dogs Videos ğŸ˜¹ğŸ¶ Part 13,"Welcome to Purrfect Pets! ğŸ’• The perfect place for the cutest, funniest, and most lovable pet moments Thanks for watching our videos ğŸ¥°",2025-07-07T08:29:28Z,#cats|#funnycat|#pets|#funnyvideos|#dogs|#catvideos|#funnydogs,,PT35M15S,46541,216,15
BNKTBZA7nRg,You Laugh You Lose ğŸ¤£ Hilarious Dogs and Cats 2025ğŸ˜»ğŸ¶ Part 12,"Welcome to Purrfect Pets! ğŸ’• The perfect place for the cutest, funniest, and most lovable pet moments Thanks for watching our videos ğŸ¥°",2025-07-04T05:09:59Z,#cats|#funnycat|#pets|#funnyvideos|#dogs|#catvideos|#funnydogs,,PT35M52S,17979,90,13
S99oil0-AkU,You Laugh You Lose ğŸ˜… Best Funny Cats and Dogs Videos ğŸ˜¹ğŸ¶ Part 11,"Welcome to Purrfect Pets! ğŸ’• The perfect place for the cutest, funniest, and most lovable pet moments Thanks for watching our videos ğŸ¥°",2025-07-02T06:28:41Z,#cats|#funnycat|#pets|#funnyvideos|#dogs|#catvideos|#funnydogs,,PT37M34S,19352,113,19
hPLyytEKoZM,You Laugh You Lose ğŸ˜‚ Best Funny Cats and Dogs Videos ğŸ˜¹ğŸ¶ Part 10,"Welcome to Purrfect Pets! ğŸ’• The perfect place for the cutest, funniest, and most lovable pet moments Thanks for watching our videos ğŸ¥°",2025-06-30T04:17:51Z,å­çŒ«|å¯æ„›ã„|ãƒšãƒƒãƒˆ|å‹•ç‰©,,PT36M45S,13068,54,19
Ox7ULuDRTwc,You Laugh You Lose ğŸ˜ğŸ¤£ Best Funny Cats and Dogs Videos ğŸ˜»ğŸ¶ Part 9,"Welcome to Purrfect Pets! ğŸ’• The perfect place for the cutest, funniest, and most lovable pet moments Thanks for watching our videos ğŸ¥°",2025-06-26T04:07:44Z,å­çŒ«|å¯æ„›ã„|ãƒšãƒƒãƒˆ|å‹•ç‰©,,PT35M59S,12151,44,15
8f6mZ8o6c4U,You Laugh You Lose ğŸ˜… Best Funny Dogs and Cats Videos ğŸ˜¹ğŸ¶ Part 8,"Welcome to Purrfect Pets! ğŸ’• The perfect place for the cutest, funniest, and most lovable pet moments Thanks for watching our videos ğŸ¥°",2025-06-24T09:17:11Z,å­çŒ«|å¯æ„›ã„|ãƒšãƒƒãƒˆ|å‹•ç‰©,,PT35M46S,30214,114,15
BAtsQlaNc94,You Laugh You Lose ğŸ˜ Best Funny Dogs and Cats Videos ğŸ˜¹ğŸ¶ Part 7,"Welcome to Purrfect Pets! ğŸ’• The perfect place for the cutest, funniest, and most lovable pet moments Thanks for watching our videos ğŸ¥°",2025-06-21T03:31:56Z,å­çŒ«|å¯æ„›ã„|ãƒšãƒƒãƒˆ|å‹•ç‰©,,PT1H36S,556104,1638,72
ga6xvfkUoe4,You Laugh You Lose ğŸ¶ğŸ± Best Funny Cats and Dogs Videos ğŸ¤£ğŸ’– Part 6,"Welcome to Purrfect Pets! ğŸ’• The perfect place for the cutest, funniest, and most lovable pet moments Thanks for watching our videos ğŸ¥°",2025-06-02T09:00:48Z,å­çŒ«|å¯æ„›ã„|ãƒšãƒƒãƒˆ|å‹•ç‰©,,PT36M54S,40481,145,18
m7kQl2WFeHQ,You Laugh You Lose ğŸ˜ Best Funny Dogs and Cats Videos ğŸ˜»ğŸ¶ Part 5,"Welcome to Purrfect Pets! ğŸ’• The perfect place for the cutest, funniest, and most lovable pet moments Thanks for watching our videos ğŸ¥°",2025-05-29T03:25:24Z,å­çŒ«|å¯æ„›ã„|ãƒšãƒƒãƒˆ|å‹•ç‰©,,PT36M58S,34508,178,19
ulNTEf25TbA,You Laugh You Lose ğŸ¥°ğŸ˜‚ Best Funny Cats and Dogs Videos ğŸ˜¹ğŸ¶ Part 4,"Welcome to Purrfect Pets! ğŸ’• The perfect place for the cutest, funniest, and most lovable pet moments Thanks for watching our videos ğŸ¥°",2025-05-26T07:01:00Z,å­çŒ«|å¯æ„›ã„|ãƒšãƒƒãƒˆ|å‹•ç‰©,,PT37M54S,48201,241,15
TjESyiOLRHE,You Laugh You Lose ğŸ˜…ğŸ˜ Best Funny Cats and Dogs Videos ğŸ˜¹ğŸ¶ Part 3,"Welcome to Purrfect Pets! ğŸ’• The perfect place for the cutest, funniest, and most lovable pet moments Thanks for watching our videos ğŸ¥°",2025-05-23T07:56:59Z,å­çŒ«|å¯æ„›ã„|ãƒšãƒƒãƒˆ|å‹•ç‰©,,PT36M39S,18128,61,17
SFglPjNVOx0,You Laugh You Lose ğŸ˜‚ğŸ˜ Best Funny Cats and Dogs Videos ğŸ˜»ğŸ¶ Part 2,"Welcome to Purrfect Pets! ğŸ’• The perfect place for the cutest, funniest, and most lovable pet moments Thanks for watching our videos ğŸ¥°",2025-05-21T07:47:16Z,å­çŒ«|å¯æ„›ã„|ãƒšãƒƒãƒˆ|å‹•ç‰©,,PT36M47S,17912,76,18
FPfqng2F2fM,You Laugh You Lose ğŸ¤£ğŸ˜ Best Funny Cats and Dogs Videos ğŸ˜¹ğŸ¶ Part 1,"Welcome to Purrfect Pets! ğŸ’• The perfect place for the cutest, funniest, and most lovable pet moments Thanks for watching our videos ğŸ¥°",2025-05-13T07:25:26Z,å­çŒ«|å¯æ„›ã„|ãƒšãƒƒãƒˆ|å‹•ç‰©,,PT36M39S,12421,54,11
F-kNIZAq0t8,Try Not To Laugh ğŸ˜‚ Best Funny Cats and Dogs Videos ğŸ˜¹ğŸ¶,"Welcome to Purrfect Pets! ğŸ’• The perfect place for the cutest, funniest, and most lovable pet moments Thanks for watching our videos ğŸ¥°",2025-05-09T07:17:04Z,å­çŒ«|å¯æ„›ã„|ãƒšãƒƒãƒˆ|å‹•ç‰©,,PT38M23S,54900,145,21
Ci_cYmf7n98,Try Not To Laugh ğŸ˜„ğŸ¾ Funniest Cats and Dogs 2025 ğŸ±ğŸ•,"Welcome to Purrfect Pets! ğŸ’• The perfect place for the cutest, funniest, and most lovable pet moments Thanks for watching our videos ğŸ¥°",2025-04-30T08:02:32Z,å­çŒ«|å¯æ„›ã„|ãƒšãƒƒãƒˆ|å‹•ç‰©,,PT38M8S,344720,2407,84
u_nmqzYdUCc,You Laugh You Lose ğŸ˜‚ Best Funny Cats and Dogs Videos ğŸ¤­ğŸ¶ğŸ˜¸,"Welcome to Purrfect Pets! ğŸ’• The perfect place for the cutest, funniest, and most lovable pet moments Thanks for watching our videos ğŸ¥°",2025-04-23T08:19:18Z,å­çŒ«|å¯æ„›ã„|ãƒšãƒƒãƒˆ|å‹•ç‰©,,PT38M38S,46933,254,24
conqgkIeIcA,Try Not To Laugh ğŸ˜‚ğŸ¤£ Adorable Cats and Dogs 2025 ğŸ˜»ğŸ¶,"Welcome to Purrfect Pets! ğŸ’• The perfect place for the cutest, funniest, and most lovable pet moments Thanks for watching our videos ğŸ¥°",2025-04-12T07:26:29Z,å­çŒ«|å¯æ„›ã„|ãƒšãƒƒãƒˆ|å‹•ç‰©,,PT37M37S,135395,381,24
9II-CCQa_ig,You Laugh You LoseğŸ˜»ğŸ’•ğŸ¶Funniest Cats and Dogs 2025ğŸ¤£ğŸ‘‹,"Welcome to Purrfect Pets! ğŸ’• The perfect place for the cutest, funniest, and most lovable pet moments Thanks for watching our videos ğŸ¥°",2025-04-10T06:11:25Z,å­çŒ«|å¯æ„›ã„|ãƒšãƒƒãƒˆ|å‹•ç‰©,,PT36M43S,286221,1204,35
L7Vr-YFqBpk,You Laugh You Lose ğŸ˜‚ğŸ± Funniest Dogs and Cats Videos 2025 ğŸ¶ğŸ¾,"Welcome to Purrfect Pets! ğŸ’• The perfect place for the cutest, funniest, and most lovable pet moments Thanks for watching our videos ğŸ¥°",2025-04-08T07:42:31Z,å­çŒ«|å¯æ„›ã„|ãƒšãƒƒãƒˆ|å‹•ç‰©,,PT38M20S,59442,423,34
yGQsZdudYLM,"You Laugh, You Lose ğŸ¤£ğŸ˜¹ Funniest Cats And  Dogs 2025 ğŸ˜¹ğŸ¶","You Laugh, You Lose ğŸ¤£ğŸ˜¹ Funniest Cats And  Dogs 2025 ğŸ˜¹ğŸ¶ https://youtu.be/yGQsZdudYLM  Welcome to PURRFECT PETS funny animals channel â™¥    You can enjoy best funny cats and dogs videos (â‰§â–½â‰¦)  Thanks for watching our videos ğŸ˜ğŸ˜ğŸ˜ #funny #cats #dogs #cute #animals #funnycats",2025-04-01T09:19:59Z,å­çŒ«|å¯æ„›ã„|ãƒšãƒƒãƒˆ|å‹•ç‰©,#funny|#cats|#dogs|#cute|#animals|#funnycats,PT37M1S,27130,109,30
PYtrcr9LJhs,"You Laugh, You Lose ğŸ¤£ğŸ˜¹ Funniest Dogs And Cats Of 2025 ğŸ˜¹ğŸ¶","You laugh, you lose! ğŸ¤£ğŸ¶ Funniest dogs and cats of 2025 ğŸ±ğŸ• https://youtu.be/PYtrcr9LJhs  Welcome to PURRFECT PETS funny animals channel â™¥    You can enjoy best funny cats and dogs videos (â‰§â–½â‰¦)  Thanks for watching our videos ğŸ¤£ğŸ¤£ğŸ¤£ #funny #cats #dogs #cute #animals #funnycats",2025-03-28T07:39:26Z,å­çŒ«|å¯æ„›ã„|ãƒšãƒƒãƒˆ|å‹•ç‰©,#funny|#cats|#dogs|#cute|#animals|#funnycats,PT40M30S,17823,95,31
ijX2BOrerxI,Try Not To Laugh ğŸ˜ Funniest Cats and Dogs 2025 ğŸ˜¹ğŸ¶,"Welcome to Purrfect Pets! ğŸ’• The perfect place for the cutest, funniest, and most lovable pet moments Thanks for watching our videos ğŸ¥°",2025-03-25T07:51:51Z,å­çŒ«|å¯æ„›ã„|ãƒšãƒƒãƒˆ|å‹•ç‰©,,PT36M52S,21791,128,29
EW41mBzvCVQ,You Laugh You Lose ğŸ˜… Best Funny Cats and Dogs Videos ğŸ˜¹ğŸ¶,"Welcome to Purrfect Pets! ğŸ’• The perfect place for the cutest, funniest, and most lovable pet moments Thanks for watching our videos ğŸ¥°",2025-03-22T06:45:34Z,å­çŒ«|å¯æ„›ã„|ãƒšãƒƒãƒˆ|å‹•ç‰©,,PT36M28S,13533828,49764,2036
cXXRs9NJtl8,You Laugh You Lose ğŸ˜‚ğŸ± Funniest Dogs and Cats 2025 ğŸ¶ğŸˆ,"Welcome to Purrfect Pets! ğŸ’• The perfect place for the cutest, funniest, and most lovable pet moments Subscribe now and enjoy the pawsome world of pets! ğŸ¶ğŸ±",2025-03-21T07:48:22Z,å­çŒ«|å¯æ„›ã„|ãƒšãƒƒãƒˆ|å‹•ç‰©,,PT36M29S,180182,1245,61
y58XUyf5RMo,You Laugh You Lose ğŸ¤£ğŸ˜ Funniest Cats and Dogs Videos 2025 ğŸ˜¹ğŸˆ,ç¬‘ã£ãŸã‚‰è² ã‘ ğŸ¤£ğŸ˜ 2025å¹´ã®æœ€é«˜ã«é¢ç™½ã„çŒ«ã¨çŠ¬ã®å‹•ç”» ğŸ˜¹ğŸˆ Purrfect Pets ã®æ¥½ã—ã„å‹•ç‰©ãƒãƒ£ãƒ³ãƒãƒ«ã¸ã‚ˆã†ã“ãï¼ ğŸ˜ æœ€é«˜ã«é¢ç™½ã„çŒ«ã¨çŠ¬ã®å‹•ç”»ã‚’ãŠæ¥½ã—ã¿ãã ã•ã„ï¼ (â‰§â–½â‰¦) å‹•ç”»ã‚’è¦‹ã¦ãã‚Œã¦ã‚ã‚ŠãŒã¨ã†ï¼ ğŸ˜… #é¢ç™½ã„ #ã‹ã‚ã„ã„ #çŒ«å‹•ç”» #å‹•ç‰© #çŒ« #çŠ¬,2025-03-20T08:14:35Z,å­çŒ«|å¯æ„›ã„|ãƒšãƒƒãƒˆ|å‹•ç‰©,#é¢ç™½ã„|#ã‹ã‚ã„ã„|#çŒ«å‹•ç”»|#å‹•ç‰©|#çŒ«|#çŠ¬,PT36M25S,593976,2402,70
G0Pa6tRbKO8,Try Not To Laugh ğŸ˜‚ğŸ¤£ Funniest Cats and Dogs 2025 ğŸ˜¹ğŸ¶,"Welcome to Purrfect Pets! ğŸ’•  The perfect place for the cutest, funniest, and most lovable pet moments  Subscribe now and enjoy the pawsome world of pets! ğŸ¶ğŸ±",2025-03-19T03:40:08Z,å­çŒ«|å¯æ„›ã„|ãƒšãƒƒãƒˆ|å‹•ç‰©,,PT36M14S,197628,978,50
u_ZQEPcYQBI,ç§ã®çŒ«ã®ãŸã‚ã®ç°¡å˜ã§ãŠã„ã—ã„ã‚¹ã‚¤ã‚«ã‚¼ãƒªãƒ¼ã®ãƒ¬ã‚·ãƒ”ã‚’ç´¹ä»‹ã—ã¾ã™ã€‚,MIMI COOKINGçŒ«ãƒãƒ£ãƒ³ãƒãƒ«ã¸ã‚ˆã†ã“ãâ™¥  å‹•ç”»ã‚’ã”è¦§ã„ãŸã ãã‚ã‚ŠãŒã¨ã†ã”ã–ã„ã¾ã™(â‰§â–½â‰¦) #çŒ« #å­çŒ« #å¯æ„›ã„ #ãƒšãƒƒãƒˆ #å‹•ç‰©,2024-07-05T09:40:14Z,å­çŒ«|å¯æ„›ã„|ãƒšãƒƒãƒˆ|å‹•ç‰©,#çŒ«|#å­çŒ«|#å¯æ„›ã„|#ãƒšãƒƒãƒˆ|#å‹•ç‰©,PT3M,4894,34,5
IxG1Dab9ChU,åµã¨ãƒ‘ãƒ³ã§ä½œã‚‹ã€çŒ«ã¨ç§ã®ãŸã‚ã®ã‚·ãƒ³ãƒ—ãƒ«ã ã‘ã©ãŠã„ã—ã„ãƒ¬ã‚·ãƒ”,åµã¨ãƒ‘ãƒ³ã§ä½œã‚‹ã€çŒ«ã¨ç§ã®ãŸã‚ã®ã‚·ãƒ³ãƒ—ãƒ«ã ã‘ã©ãŠã„ã—ã„ãƒ¬ã‚·ãƒ” MIMI COOKINGçŒ«ãƒãƒ£ãƒ³ãƒãƒ«ã¸ã‚ˆã†ã“ãâ™¥  å‹•ç”»ã‚’ã”è¦§ã„ãŸã ãã‚ã‚ŠãŒã¨ã†ã”ã–ã„ã¾ã™(â‰§â–½â‰¦) #çŒ« #å­çŒ« #å¯æ„›ã„ #ãƒšãƒƒãƒˆ #å‹•ç‰©,2024-07-02T09:44:16Z,å­çŒ«|å¯æ„›ã„|ãƒšãƒƒãƒˆ|å‹•ç‰©,#çŒ«|#å­çŒ«|#å¯æ„›ã„|#ãƒšãƒƒãƒˆ|#å‹•ç‰©,PT4M19S,1711,27,14
gyUbgOUZ8YA,ãƒˆãƒ«ãƒ†ã‚£ãƒ¼ãƒ¤ã«åµã‚’ä¹—ã›ã‚‹ã¨çŒ«ã«ã¨ã£ã¦é©šãã¹ãçµæœã¨ãªã‚‹ã§ã—ã‚‡ã†,ãƒˆãƒ«ãƒ†ã‚£ãƒ¼ãƒ¤ã«åµã‚’ä¹—ã›ã‚‹ã¨çŒ«ã«ã¨ã£ã¦é©šãã¹ãçµæœã¨ãªã‚‹ã§ã—ã‚‡ã† https://youtu.be/gyUbgOUZ8YA MIMI COOKINGçŒ«ãƒãƒ£ãƒ³ãƒãƒ«ã¸ã‚ˆã†ã“ãâ™¥  å‹•ç”»ã‚’ã”è¦§ã„ãŸã ãã‚ã‚ŠãŒã¨ã†ã”ã–ã„ã¾ã™(â‰§â–½â‰¦) #çŒ« #å­çŒ« #å¯æ„›ã„ #ãƒšãƒƒãƒˆ #å‹•ç‰©,2024-06-20T05:04:27Z,,#çŒ«|#å­çŒ«|#å¯æ„›ã„|#ãƒšãƒƒãƒˆ|#å‹•ç‰©,PT3M24S,1525,29,17
-MeTkMpqcYQ,ãƒ–ãƒ­ãƒƒã‚³ãƒªãƒ¼ã¨åµã‚’ä½¿ã£ãŸã€ç§ã¨çŒ«ã®ãŸã‚ã®ã‚·ãƒ³ãƒ—ãƒ«ã ã‘ã©ãŠã„ã—ã„é£Ÿäº‹,ãƒ–ãƒ­ãƒƒã‚³ãƒªãƒ¼ã¨åµã‚’ä½¿ã£ãŸã€ç§ã¨çŒ«ã®ãŸã‚ã®ã‚·ãƒ³ãƒ—ãƒ«ã ã‘ã©ãŠã„ã—ã„é£Ÿäº‹ https://youtu.be/-MeTkMpqcYQ MIMI COOKINGçŒ«ãƒãƒ£ãƒ³ãƒãƒ«ã¸ã‚ˆã†ã“ãâ™¥  å‹•ç”»ã‚’ã”è¦§ã„ãŸã ãã‚ã‚ŠãŒã¨ã†ã”ã–ã„ã¾ã™(â‰§â–½â‰¦) #çŒ« #å­çŒ« #å¯æ„›ã„ #ãƒšãƒƒãƒˆ #å‹•ç‰©,2024-06-15T09:23:11Z,,#çŒ«|#å­çŒ«|#å¯æ„›ã„|#ãƒšãƒƒãƒˆ|#å‹•ç‰©,PT3M38S,1216,24,7
9mjcBz9SZKI,ã‚¸ãƒ£ã‚¬ã‚¤ãƒ¢ã«åµã‚’åŠ ãˆã‚‹ã ã‘ã€‚çŒ«ã¨ä¸€ç·’ã«ãŠã„ã—ã„æœé£Ÿã‚’ä½œã‚Šã¾ã—ã‚‡ã†,ã‚¸ãƒ£ã‚¬ã‚¤ãƒ¢ã«åµã‚’åŠ ãˆã‚‹ã ã‘ã€‚çŒ«ã¨ä¸€ç·’ã«ãŠã„ã—ã„æœé£Ÿã‚’ä½œã‚Šã¾ã—ã‚‡ã† https://youtu.be/9mjcBz9SZKI MIMI COOKINGçŒ«ãƒãƒ£ãƒ³ãƒãƒ«ã¸ã‚ˆã†ã“ãâ™¥  å‹•ç”»ã‚’ã”è¦§ã„ãŸã ãã‚ã‚ŠãŒã¨ã†ã”ã–ã„ã¾ã™(â‰§â–½â‰¦) #çŒ« #å­çŒ« #å¯æ„›ã„ #ãƒšãƒƒãƒˆ #å‹•ç‰©,2024-06-13T10:00:42Z,,#çŒ«|#å­çŒ«|#å¯æ„›ã„|#ãƒšãƒƒãƒˆ|#å‹•ç‰©,PT3M33S,1392,26,23
vL23u83_6mw,ã‚‚ã†ãƒã‚¯ãƒ‰ãƒŠãƒ«ãƒ‰ã«ã¯è¡Œã‹ãªã„ã§ãã ã•ã„ã€çŒ«ã¨ä¸€ç·’ã«ãƒ•ãƒ©ã‚¤ãƒ‰ãƒãƒ†ãƒˆã‚’ä½œã‚‹ã®ã¯ç°¡å˜ã§ãŠã„ã—ã„ã§ã™,ã‚‚ã†ãƒã‚¯ãƒ‰ãƒŠãƒ«ãƒ‰ã«ã¯è¡Œã‹ãªã„ã§ãã ã•ã„ã€çŒ«ã¨ä¸€ç·’ã«ãƒ•ãƒ©ã‚¤ãƒ‰ãƒãƒ†ãƒˆã‚’ä½œã‚‹ã®ã¯ç°¡å˜ã§ãŠã„ã—ã„ã§ã™ MIMI COOKINGçŒ«ãƒãƒ£ãƒ³ãƒãƒ«ã¸ã‚ˆã†ã“ãâ™¥  å‹•ç”»ã‚’ã”è¦§ã„ãŸã ãã‚ã‚ŠãŒã¨ã†ã”ã–ã„ã¾ã™(â‰§â–½â‰¦) #çŒ« #å­çŒ« #å¯æ„›ã„ #ãƒšãƒƒãƒˆ #å‹•ç‰©,2024-06-11T07:53:39Z,,#çŒ«|#å­çŒ«|#å¯æ„›ã„|#ãƒšãƒƒãƒˆ|#å‹•ç‰©,PT2M57S,936,25,17
oIKY8NZMe6Q,çŒ«ã®ãŸã‚ã®ç°¡å˜ã§ãŠã„ã—ã„ã‚­ãƒ£ãƒ™ãƒ„ã¨åµã®ãƒ¬ã‚·ãƒ”,çŒ«ã®ãŸã‚ã®ç°¡å˜ã§ãŠã„ã—ã„ã‚­ãƒ£ãƒ™ãƒ„ã¨åµã®ãƒ¬ã‚·ãƒ” MIMI COOKINGçŒ«ãƒãƒ£ãƒ³ãƒãƒ«ã¸ã‚ˆã†ã“ãâ™¥  å‹•ç”»ã‚’ã”è¦§ã„ãŸã ãã‚ã‚ŠãŒã¨ã†ã”ã–ã„ã¾ã™(â‰§â–½â‰¦) #çŒ« #å­çŒ« #å¯æ„›ã„ #ãƒšãƒƒãƒˆ #å‹•ç‰©,2024-06-10T04:14:02Z,å­çŒ«|å¯æ„›ã„|ãƒšãƒƒãƒˆ|å‹•ç‰©,#çŒ«|#å­çŒ«|#å¯æ„›ã„|#ãƒšãƒƒãƒˆ|#å‹•ç‰©,PT4M9S,1428,29,19
HSsgf1f8YMA,ç§ã¨çŒ«ã®ãŸã‚ã®ãŠã„ã—ã„ã‚¤ãƒ³ã‚¹ã‚¿ãƒ³ãƒˆãƒ©ãƒ¼ãƒ¡ãƒ³ã®ãƒ¬ã‚·ãƒ”,ç§ã¨çŒ«ã®ãŸã‚ã®ãŠã„ã—ã„ã‚¤ãƒ³ã‚¹ã‚¿ãƒ³ãƒˆãƒ©ãƒ¼ãƒ¡ãƒ³ã®ãƒ¬ã‚·ãƒ” MIMI COOKINGçŒ«ãƒãƒ£ãƒ³ãƒãƒ«ã¸ã‚ˆã†ã“ãâ™¥  å‹•ç”»ã‚’ã”è¦§ã„ãŸã ãã‚ã‚ŠãŒã¨ã†ã”ã–ã„ã¾ã™(â‰§â–½â‰¦) #çŒ« #å­çŒ« #å¯æ„›ã„ #ãƒšãƒƒãƒˆ #å‹•ç‰©,2024-06-06T07:18:28Z,å­çŒ«|å¯æ„›ã„|ãƒšãƒƒãƒˆ|å‹•ç‰©,#çŒ«|#å­çŒ«|#å¯æ„›ã„|#ãƒšãƒƒãƒˆ|#å‹•ç‰©,PT4M3S,3707,48,34
1fQnk6ANdNM,ã‚¸ãƒ£ã‚¬ã‚¤ãƒ¢1å€‹ã¨åµ1å€‹ã§ä½œã‚‹çŒ«ã®ãŸã‚ã®ãŠã„ã—ã„ãƒ‡ã‚£ãƒŠãƒ¼,ã‚¸ãƒ£ã‚¬ã‚¤ãƒ¢1å€‹ã¨åµ1å€‹ã§ä½œã‚‹çŒ«ã®ãŸã‚ã®ãŠã„ã—ã„ãƒ‡ã‚£ãƒŠãƒ¼ https://youtu.be/1fQnk6ANdNM  MIMI COOKINGçŒ«ãƒãƒ£ãƒ³ãƒãƒ«ã¸ã‚ˆã†ã“ãâ™¥  å‹•ç”»ã‚’ã”è¦§ã„ãŸã ãã‚ã‚ŠãŒã¨ã†ã”ã–ã„ã¾ã™(â‰§â–½â‰¦) #çŒ« #å­çŒ« #å¯æ„›ã„ #ãƒšãƒƒãƒˆ #å‹•ç‰©,2024-06-05T10:43:24Z,å­çŒ«|å¯æ„›ã„|ãƒšãƒƒãƒˆ|å‹•ç‰©,#çŒ«|#å­çŒ«|#å¯æ„›ã„|#ãƒšãƒƒãƒˆ|#å‹•ç‰©,PT3M42S,1300,31,22
dgFy6SBAUnM,çŒ«ã«ãƒãƒªã‚’ä¸ãˆãŸã¨ã“ã‚ã€é©šãã¹ãçµæœãŒå¾—ã‚‰ã‚Œã¾ã—ãŸ,MIMI COOKINGçŒ«ãƒãƒ£ãƒ³ãƒãƒ«ã¸ã‚ˆã†ã“ãâ™¥  å‹•ç”»ã‚’ã”è¦§ã„ãŸã ãã‚ã‚ŠãŒã¨ã†ã”ã–ã„ã¾ã™(â‰§â–½â‰¦) #çŒ« #å­çŒ« #å¯æ„›ã„ #ãƒšãƒƒãƒˆ #å‹•ç‰©,2024-06-02T04:46:12Z,å­çŒ«|å¯æ„›ã„|ãƒšãƒƒãƒˆ|å‹•ç‰©,#çŒ«|#å­çŒ«|#å¯æ„›ã„|#ãƒšãƒƒãƒˆ|#å‹•ç‰©,PT1M19S,2025,19,2
a2o1QzqMl4Y,çŒ«ã«ãƒ‹ãƒ³ã‚¸ãƒ³ã‚’ã‚ã’ãŸã‚‰ã€çŒ«ã®åå¿œã«é©šã„ãŸ,MIMI COOKINGçŒ«ãƒãƒ£ãƒ³ãƒãƒ«ã¸ã‚ˆã†ã“ãâ™¥  å‹•ç”»ã‚’ã”è¦§ã„ãŸã ãã‚ã‚ŠãŒã¨ã†ã”ã–ã„ã¾ã™(â‰§â–½â‰¦) #çŒ« #å­çŒ« #å¯æ„›ã„ #ãƒšãƒƒãƒˆ #å‹•ç‰©,2024-06-01T15:56:33Z,å­çŒ«|å¯æ„›ã„|ãƒšãƒƒãƒˆ|å‹•ç‰©,#çŒ«|#å­çŒ«|#å¯æ„›ã„|#ãƒšãƒƒãƒˆ|#å‹•ç‰©,PT1M18S,612,21,4
CcrRJ3cS4d0,çŒ«ã¯ã‚­ãƒ¥ã‚¦ãƒªã‚’æ€–ãŒã‚Šã¾ã™ã‹ï¼Ÿ,MIMI COOKINGçŒ«ãƒãƒ£ãƒ³ãƒãƒ«ã¸ã‚ˆã†ã“ãâ™¥  å‹•ç”»ã‚’ã”è¦§ã„ãŸã ãã‚ã‚ŠãŒã¨ã†ã”ã–ã„ã¾ã™(â‰§â–½â‰¦) #çŒ« #å­çŒ« #å¯æ„›ã„ #ãƒšãƒƒãƒˆ #å‹•ç‰©,2024-05-31T07:34:33Z,å­çŒ«|å¯æ„›ã„|ãƒšãƒƒãƒˆ|å‹•ç‰©,#çŒ«|#å­çŒ«|#å¯æ„›ã„|#ãƒšãƒƒãƒˆ|#å‹•ç‰©,PT1M11S,2074,19,3
nm09PTKwdlo,ç§ã®ã‹ã‚ã„ã„çŒ«ã¯ç§ã®ä½œã‚‹æ–™ç†ãŒå¤§å¥½ãã§ã™,MIMI COOKINGçŒ«ãƒãƒ£ãƒ³ãƒãƒ«ã¸ã‚ˆã†ã“ãâ™¥  å‹•ç”»ã‚’ã”è¦§ã„ãŸã ãã‚ã‚ŠãŒã¨ã†ã”ã–ã„ã¾ã™(â‰§â–½â‰¦) #çŒ« #å­çŒ« #å¯æ„›ã„ #ãƒšãƒƒãƒˆ #å‹•ç‰©,2024-05-29T04:33:15Z,å­çŒ«|å¯æ„›ã„|ãƒšãƒƒãƒˆ|å‹•ç‰©,#çŒ«|#å­çŒ«|#å¯æ„›ã„|#ãƒšãƒƒãƒˆ|#å‹•ç‰©,PT1M32S,304,19,3
gfEHkqvkWus,ç§ãŒæ–™ç†ã‚’ã™ã‚‹ã¨ãã€ç§ã®çŒ«ã¯ã„ã¤ã‚‚è¿‘ãã«ã„ã¾ã™,MIMI COOKINGçŒ«ãƒãƒ£ãƒ³ãƒãƒ«ã¸ã‚ˆã†ã“ãâ™¥  å‹•ç”»ã‚’ã”è¦§ã„ãŸã ãã‚ã‚ŠãŒã¨ã†ã”ã–ã„ã¾ã™(â‰§â–½â‰¦) #çŒ« #å­çŒ« #å¯æ„›ã„ #ãƒšãƒƒãƒˆ #å‹•ç‰©,2024-05-28T03:42:11Z,å­çŒ«|å¯æ„›ã„|ãƒšãƒƒãƒˆ|å‹•ç‰©,#çŒ«|#å­çŒ«|#å¯æ„›ã„|#ãƒšãƒƒãƒˆ|#å‹•ç‰©,PT1M40S,284,16,3
VZITqKyh9Js,ç§ã®çŒ«ã¯ç§ãŒæ–™ç†ã™ã‚‹ã®ã‚’è¾›æŠ±å¼·ãå¾…ã£ã¦ã„ã¾ã™,MIMI COOKINGçŒ«ãƒãƒ£ãƒ³ãƒãƒ«ã¸ã‚ˆã†ã“ãâ™¥  å‹•ç”»ã‚’ã”è¦§ã„ãŸã ãã‚ã‚ŠãŒã¨ã†ã”ã–ã„ã¾ã™(â‰§â–½â‰¦) #çŒ« #å­çŒ« #å¯æ„›ã„ #ãƒšãƒƒãƒˆ #å‹•ç‰©,2024-05-27T08:35:07Z,å­çŒ«|å¯æ„›ã„|ãƒšãƒƒãƒˆ|å‹•ç‰©,#çŒ«|#å­çŒ«|#å¯æ„›ã„|#ãƒšãƒƒãƒˆ|#å‹•ç‰©,PT1M26S,255,8,0
zVVo1um7pTM,ç§ã¨çŒ«ã®ãŸã‚ã®ç°¡å˜ãªãƒ¬ã‚·ãƒ”,MIMI COOKINGçŒ«ãƒãƒ£ãƒ³ãƒãƒ«ã¸ã‚ˆã†ã“ãâ™¥  å‹•ç”»ã‚’ã”è¦§ã„ãŸã ãã‚ã‚ŠãŒã¨ã†ã”ã–ã„ã¾ã™(â‰§â–½â‰¦) #çŒ« #å­çŒ« #å¯æ„›ã„ #ãƒšãƒƒãƒˆ #å‹•ç‰©,2024-05-25T13:26:34Z,å­çŒ«|å¯æ„›ã„|ãƒšãƒƒãƒˆ|å‹•ç‰©,#çŒ«|#å­çŒ«|#å¯æ„›ã„|#ãƒšãƒƒãƒˆ|#å‹•ç‰©,PT2M20S,445,21,11
